Campaign,Campaign Type,Campaign Status,Campaign Daily Budget,Networks,Bid Strategy Type,Ad Group,Ad Group Status,Max CPC,Keyword,Criterion Type,Final URL,Headline 1,Headline 2,Headline 3,Headline 4,Headline 5,Headline 6,Headline 7,Headline 8,Headline 9,Headline 10,Headline 11,Headline 12,Headline 13,Headline 14,Headline 15,Description 1,Description 2,Description 3,Description 4,Path 1,Path 2
Pavodens | ZFA,Search,Enabled,20.00,Google search;Search partners,Manual CPC,,,,,,,,,,,,,,,,,,,,,,,,,,,
Pavodens | ZFA,,,,,,,,,ausbildung,Campaign negative,,,,,,,,,,,,,,,,,,,,,,
Pavodens | ZFA,,,,,,,,,praktikum,Campaign negative,,,,,,,,,,,,,,,,,,,,,,
Pavodens | ZFA,,,,,,,,,schüler,Campaign negative,,,,,,,,,,,,,,,,,,,,,,
Pavodens | ZFA,,,,,,,,,umschulung,Campaign negative,,,,,,,,,,,,,,,,,,,,,,
Pavodens | ZFA,,,,,,,,,gehalt,Campaign negative,,,,,,,,,,,,,,,,,,,,,,
Pavodens | ZFA,,,,,,,,,wikipedia,Campaign negative,,,,,,,,,,,,,,,,,,,,,,
Pavodens | ZFA,,,,,,,,,berufsbild,Campaign negative,,,,,,,,,,,,,,,,,,,,,,
Pavodens | ZFA,,,,,,,,,ausbildungsplatz,Campaign negative,,,,,,,,,,,,,,,,,,,,,,
Pavodens | ZFA,,,,,,,,,aufgaben,Campaign negative,,,,,,,,,,,,,,,,,,,,,,
Pavodens | ZFA,,,,,,,,,minijob,Campaign negative,,,,,,,,,,,,,,,,,,,,,,
Pavodens | ZFA,,,,,,,,,verdienst,Campaign negative,,,,,,,,,,,,,,,,,,,,,,
Pavodens | ZFA,,,,,,,,,stellenbeschreibung,Campaign negative,,,,,,,,,,,,,,,,,,,,,,
Pavodens | ZFA,,,,,,,,,bedeutung,Campaign negative,,,,,,,,,,,,,,,,,,,,,,
Pavodens | ZFA,,,,,,,,,berufsschule,Campaign negative,,,,,,,,,,,,,,,,,,,,,,
Pavodens | ZFA,,,,,,,,,ausbildungsvergütung,Campaign negative,,,,,,,,,,,,,,,,,,,,,,
Pavodens | ZFA,,,,,,ZFA Allgemein,Enabled,1.50,,,,,,,,,,,,,,,,,,,,,,,,
Pavodens | ZFA,,,,,,ZFA Allgemein,,,zfa stellenangebote,Exact,,,,,,,,,,,,,,,,,,,,,,
Pavodens | ZFA,,,,,,ZFA Allgemein,,,zfa job,Exact,,,,,,,,,,,,,,,,,,,,,,
Pavodens | ZFA,,,,,,ZFA Allgemein,,,zfa stelle,Exact,,,,,,,,,,,,,,,,,,,,,,
Pavodens | ZFA,,,,,,ZFA Allgemein,,,zahnmedizinische fachangestellte stellenangebote,Exact,,,,,,,,,,,,,,,,,,,,,,
Pavodens | ZFA,,,,,,ZFA Allgemein,,,zfa jobs,Exact,,,,,,,,,,,,,,,,,,,,,,
Pavodens | ZFA,,,,,,ZFA Allgemein,,,zfa stellenangebote,Phrase,,,,,,,,,,,,,,,,,,,,,,
Pavodens | ZFA,,,,,,ZFA Allgemein,,,zfa job,Phrase,,,,,,,,,,,,,,,,,,,,,,
Pavodens | ZFA,,,,,,ZFA Allgemein,,,zfa stelle,Phrase,,,,,,,,,,,,,,,,,,,,,,
Pavodens | ZFA,,,,,,ZFA Allgemein,,,zfa jobs augsburg,Phrase,,,,,,,,,,,,,,,,,,,,,,
Pavodens | ZFA,,,,,,ZFA Allgemein,,,zfa stellenangebote augsburg,Phrase,,,,,,,,,,,,,,,,,,,,,,
Pavodens | ZFA,,,,,,ZFA Allgemein,,,zfa job bobingen,Phrase,,,,,,,,,,,,,,,,,,,,,,
Pavodens | ZFA,,,,,,ZFA Allgemein,,,zahnmedizinische fachangestellte stelle,Phrase,,,,,,,,,,,,,,,,,,,,,,
Pavodens | ZFA,,,,,,ZFA Allgemein,,,zahnmedizinische fachangestellte job,Phrase,,,,,,,,,,,,,,,,,,,,,,
Pavodens | ZFA,,,,,,ZFA Allgemein,,,zahnarzthelferin stellenangebote,Phrase,,,,,,,,,,,,,,,,,,,,,,
Pavodens | ZFA,,,,,,ZFA Allgemein,,,zahnarzthelferin job,Phrase,,,,,,,,,,,,,,,,,,,,,,
Pavodens | ZFA,,,,,,ZFA Allgemein,,,zfa gesucht,Phrase,,,,,,,,,,,,,,,,,,,,,,
Pavodens | ZFA,,,,,,ZFA Allgemein,,,stellenangebote zahnarztpraxis assistenz,Phrase,,,,,,,,,,,,,,,,,,,,,,
Pavodens | ZFA,,,,,,ZFA Allgemein,,,zfa job region augsburg,Broad,,,,,,,,,,,,,,,,,,,,,,
Pavodens | ZFA,,,,,,ZFA Allgemein,,,zahnmedizinische fachangestellte stellenangebote augsburg,Broad,,,,,,,,,,,,,,,,,,,,,,
Pavodens | ZFA,,,,,,ZFA Allgemein,,,,,https://pavodens.onepage.me/bewerbung?utm_source=google&utm_medium=cpc&utm_campaign=zfa&utm_content=zfa-allgemein,ZFA (m/w/d) gesucht,ZFA-Job in Bobingen,ZFA – Raum Augsburg,Pünktlich Feierabend.,Keine Überstunden. Echt.,Kurzer Mi & Fr,30 Tage Urlaub,Gehalt über dem Schnitt,Ticket o. Tankgutschein,Bezahlte Fortbildungen,Moderne digitale Praxis,"Chef, der dir zuhört",Berufseinsteiger? Perfekt!,Jetzt bewerben,In 2 Min. bewerben,"Feierabend ist Feierabend: keine Überstunden, kurzer Mi & Fr. 30 Tage Urlaub.","Überdurchschnittliches Gehalt, Ticket o. Tankgutschein, bezahlte Fortbildung.","Herzliches Team, ruhiger Chef, echte Wertschätzung. Berufseinsteiger willkommen.",Moderne digitale Praxis in Bobingen. In 2 Min. bewerben – 100% vertraulich.,ZFA-Job,Bobingen
Pavodens | ZFA,,,,,,Zahnarzthelfer-in,Enabled,1.50,,,,,,,,,,,,,,,,,,,,,,,,
Pavodens | ZFA,,,,,,Zahnarzthelfer-in,,,zahnarzthelferin job,Exact,,,,,,,,,,,,,,,,,,,,,,
Pavodens | ZFA,,,,,,Zahnarzthelfer-in,,,zahnarzthelfer stelle,Exact,,,,,,,,,,,,,,,,,,,,,,
Pavodens | ZFA,,,,,,Zahnarzthelfer-in,,,stuhlassistenz job,Exact,,,,,,,,,,,,,,,,,,,,,,
Pavodens | ZFA,,,,,,Zahnarzthelfer-in,,,zahnarzthelferin stellenangebot,Exact,,,,,,,,,,,,,,,,,,,,,,
Pavodens | ZFA,,,,,,Zahnarzthelfer-in,,,zahnarzthelferin gesucht,Exact,,,,,,,,,,,,,,,,,,,,,,
Pavodens | ZFA,,,,,,Zahnarzthelfer-in,,,zahnarzthelferin job augsburg,Phrase,,,,,,,,,,,,,,,,,,,,,,
Pavodens | ZFA,,,,,,Zahnarzthelfer-in,,,zahnarzthelferin job bobingen,Phrase,,,,,,,,,,,,,,,,,,,,,,
Pavodens | ZFA,,,,,,Zahnarzthelfer-in,,,zahnarzthelfer job augsburg,Phrase,,,,,,,,,,,,,,,,,,,,,,
Pavodens | ZFA,,,,,,Zahnarzthelfer-in,,,zahnarzthelferin stelle augsburg,Phrase,,,,,,,,,,,,,,,,,,,,,,
Pavodens | ZFA,,,,,,Zahnarzthelfer-in,,,stuhlassistenz stellenangebot,Phrase,,,,,,,,,,,,,,,,,,,,,,
Pavodens | ZFA,,,,,,Zahnarzthelfer-in,,,stuhlassistenz zahnarzt job,Phrase,,,,,,,,,,,,,,,,,,,,,,
Pavodens | ZFA,,,,,,Zahnarzthelfer-in,,,zahnarzthelferin job region augsburg,Phrase,,,,,,,,,,,,,,,,,,,,,,
Pavodens | ZFA,,,,,,Zahnarzthelfer-in,,,zahnarzthelferin teilzeit job,Phrase,,,,,,,,,,,,,,,,,,,,,,
Pavodens | ZFA,,,,,,Zahnarzthelfer-in,,,zahnarzthelferin vollzeit stelle,Phrase,,,,,,,,,,,,,,,,,,,,,,
Pavodens | ZFA,,,,,,Zahnarzthelfer-in,,,zahnarzthelfer in gesucht,Phrase,,,,,,,,,,,,,,,,,,,,,,
Pavodens | ZFA,,,,,,Zahnarzthelfer-in,,,zahnarzt helferin job,Phrase,,,,,,,,,,,,,,,,,,,,,,
Pavodens | ZFA,,,,,,Zahnarzthelfer-in,,,assistenz zahnarztpraxis job,Phrase,,,,,,,,,,,,,,,,,,,,,,
Pavodens | ZFA,,,,,,Zahnarzthelfer-in,,,stuhlassistenz job augsburg,Broad,,,,,,,,,,,,,,,,,,,,,,
Pavodens | ZFA,,,,,,Zahnarzthelfer-in,,,zahnarzthelferin stelle bayern,Broad,,,,,,,,,,,,,,,,,,,,,,
Pavodens | ZFA,,,,,,Zahnarzthelfer-in,,,,,https://pavodens.onepage.me/bewerbung?utm_source=google&utm_medium=cpc&utm_campaign=zfa&utm_content=zahnarzthelfer-in,ZFA (m/w/d) gesucht,ZFA-Job in Bobingen,ZFA Raum Augsburg,Pünktlich Feierabend,Keine Überstunden. Echt.,Kurzer Mi & Fr,30 Tage Urlaub,Überdurchschn. Gehalt,Bezahlte Fortbildungen,Moderne digitale Praxis,"Ein Chef, der zuhört",Berufseinsteiger? Komm!,Herzliches Team,Jetzt online bewerben,In 2 Min. bewerben,"Feierabend ist Feierabend: keine Überstunden, kurzer Mi & Fr. 30 Tage Urlaub.","Überdurchschn. Gehalt, bezahlte Fortbildung, Deutschlandticket o. Tankgutschein.","Moderne digitale Praxis, ruhiger Chef, echte Wertschätzung. Einsteiger willkommen.","In 2 Min. bewerben, 100% vertraulich. Telefonat in 2 Werktagen. Wir freuen uns!",Karriere,ZFA-Job
Pavodens | ZFA,,,,,,ZFA Standort Augsburg,Enabled,1.50,,,,,,,,,,,,,,,,,,,,,,,,
Pavodens | ZFA,,,,,,ZFA Standort Augsburg,,,zfa augsburg,Exact,,,,,,,,,,,,,,,,,,,,,,
Pavodens | ZFA,,,,,,ZFA Standort Augsburg,,,zfa bobingen,Exact,,,,,,,,,,,,,,,,,,,,,,
Pavodens | ZFA,,,,,,ZFA Standort Augsburg,,,zfa stellen augsburg,Exact,,,,,,,,,,,,,,,,,,,,,,
Pavodens | ZFA,,,,,,ZFA Standort Augsburg,,,zfa jobs augsburg,Exact,,,,,,,,,,,,,,,,,,,,,,
Pavodens | ZFA,,,,,,ZFA Standort Augsburg,,,zahnarzthelferin augsburg,Exact,,,,,,,,,,,,,,,,,,,,,,
Pavodens | ZFA,,,,,,ZFA Standort Augsburg,,,zfa stelle bobingen,Phrase,,,,,,,,,,,,,,,,,,,,,,
Pavodens | ZFA,,,,,,ZFA Standort Augsburg,,,zfa job bobingen,Phrase,,,,,,,,,,,,,,,,,,,,,,
Pavodens | ZFA,,,,,,ZFA Standort Augsburg,,,zahnmedizinische fachangestellte augsburg,Phrase,,,,,,,,,,,,,,,,,,,,,,
Pavodens | ZFA,,,,,,ZFA Standort Augsburg,,,zahnmedizinische fachangestellte job augsburg,Phrase,,,,,,,,,,,,,,,,,,,,,,
Pavodens | ZFA,,,,,,ZFA Standort Augsburg,,,zahnarzthelferin stelle augsburg,Phrase,,,,,,,,,,,,,,,,,,,,,,
Pavodens | ZFA,,,,,,ZFA Standort Augsburg,,,zahnarzthelferin job bobingen,Phrase,,,,,,,,,,,,,,,,,,,,,,
Pavodens | ZFA,,,,,,ZFA Standort Augsburg,,,zfa stellenangebote augsburg,Phrase,,,,,,,,,,,,,,,,,,,,,,
Pavodens | ZFA,,,,,,ZFA Standort Augsburg,,,zfa augsburg umgebung,Phrase,,,,,,,,,,,,,,,,,,,,,,
Pavodens | ZFA,,,,,,ZFA Standort Augsburg,,,zfa königsbrunn,Phrase,,,,,,,,,,,,,,,,,,,,,,
Pavodens | ZFA,,,,,,ZFA Standort Augsburg,,,zfa schwabmünchen,Phrase,,,,,,,,,,,,,,,,,,,,,,
Pavodens | ZFA,,,,,,ZFA Standort Augsburg,,,zfa gersthofen,Phrase,,,,,,,,,,,,,,,,,,,,,,
Pavodens | ZFA,,,,,,ZFA Standort Augsburg,,,zahnarzthelferin gesucht augsburg,Phrase,,,,,,,,,,,,,,,,,,,,,,
Pavodens | ZFA,,,,,,ZFA Standort Augsburg,,,zfa teilzeit augsburg,Phrase,,,,,,,,,,,,,,,,,,,,,,
Pavodens | ZFA,,,,,,ZFA Standort Augsburg,,,zfa job region augsburg,Broad,,,,,,,,,,,,,,,,,,,,,,
Pavodens | ZFA,,,,,,ZFA Standort Augsburg,,,zahnmedizinische fachangestellte stelle augsburg,Broad,,,,,,,,,,,,,,,,,,,,,,
Pavodens | ZFA,,,,,,ZFA Standort Augsburg,,,,,https://pavodens.onepage.me/bewerbung?utm_source=google&utm_medium=cpc&utm_campaign=zfa&utm_content=zfa-standort-augsburg,ZFA (m/w/d) gesucht,ZFA-Job in Bobingen,ZFA Raum Augsburg,Pünktlich Feierabend,Keine Überstunden. Echt.,Kurzer Mi & Fr,30 Tage Urlaub,Gehalt über Schnitt,Bezahlte Fortbildung,Moderne digitale Praxis,"Chef, der zuhört",Einsteiger willkommen,Herzliches Team,Jetzt bewerben,In 2 Min. bewerben,"Pünktlich Feierabend, keine Überstunden, kurzer Mi & Fr. 30 Tage Urlaub warten auf dich.","Faires Gehalt über Schnitt, Deutschlandticket o. Tankgutschein, bezahlte Fortbildung.","Ruhiger Chef, echtes Danke, herzliches Team. Berufseinsteiger? Wir bringen dir alles bei.",In 2 Min. bewerben. Telefonat in 2 Werktagen. 100% vertraulich. Jetzt ZFA-Stelle sichern.,ZFA-Job,Bobingen
Pavodens | ZMP,Search,Enabled,15.00,Google search;Search partners,Manual CPC,,,,,,,,,,,,,,,,,,,,,,,,,,,
Pavodens | ZMP,,,,,,,,,ausbildung,Campaign negative,,,,,,,,,,,,,,,,,,,,,,
Pavodens | ZMP,,,,,,,,,praktikum,Campaign negative,,,,,,,,,,,,,,,,,,,,,,
Pavodens | ZMP,,,,,,,,,schüler,Campaign negative,,,,,,,,,,,,,,,,,,,,,,
Pavodens | ZMP,,,,,,,,,umschulung,Campaign negative,,,,,,,,,,,,,,,,,,,,,,
Pavodens | ZMP,,,,,,,,,wikipedia,Campaign negative,,,,,,,,,,,,,,,,,,,,,,
Pavodens | ZMP,,,,,,,,,gehalt,Campaign negative,,,,,,,,,,,,,,,,,,,,,,
Pavodens | ZMP,,,,,,,,,weiterbildung kosten,Campaign negative,,,,,,,,,,,,,,,,,,,,,,
Pavodens | ZMP,,,,,,,,,definition,Campaign negative,,,,,,,,,,,,,,,,,,,,,,
Pavodens | ZMP,,,,,,,,,aufgaben,Campaign negative,,,,,,,,,,,,,,,,,,,,,,
Pavodens | ZMP,,,,,,,,,patient,Campaign negative,,,,,,,,,,,,,,,,,,,,,,
Pavodens | ZMP,,,,,,,,,termin,Campaign negative,,,,,,,,,,,,,,,,,,,,,,
Pavodens | ZMP,,,,,,,,,kosten,Campaign negative,,,,,,,,,,,,,,,,,,,,,,
Pavodens | ZMP,,,,,,,,,behandlung,Campaign negative,,,,,,,,,,,,,,,,,,,,,,
Pavodens | ZMP,,,,,,,,,minijob,Campaign negative,,,,,,,,,,,,,,,,,,,,,,
Pavodens | ZMP,,,,,,,,,stellenbeschreibung,Campaign negative,,,,,,,,,,,,,,,,,,,,,,
Pavodens | ZMP,,,,,,,,,prophylaxe behandlung,Campaign negative,,,,,,,,,,,,,,,,,,,,,,
Pavodens | ZMP,,,,,,,,,professionelle zahnreinigung kosten,Campaign negative,,,,,,,,,,,,,,,,,,,,,,
Pavodens | ZMP,,,,,,,,,zahnarzt augsburg,Campaign negative,,,,,,,,,,,,,,,,,,,,,,
Pavodens | ZMP,,,,,,ZMP,Enabled,1.50,,,,,,,,,,,,,,,,,,,,,,,,
Pavodens | ZMP,,,,,,ZMP,,,zmp stelle,Exact,,,,,,,,,,,,,,,,,,,,,,
Pavodens | ZMP,,,,,,ZMP,,,zmp job,Exact,,,,,,,,,,,,,,,,,,,,,,
Pavodens | ZMP,,,,,,ZMP,,,zmp stellenangebote,Exact,,,,,,,,,,,,,,,,,,,,,,
Pavodens | ZMP,,,,,,ZMP,,,prophylaxeassistentin stelle,Exact,,,,,,,,,,,,,,,,,,,,,,
Pavodens | ZMP,,,,,,ZMP,,,zahnmedizinische prophylaxeassistentin job,Exact,,,,,,,,,,,,,,,,,,,,,,
Pavodens | ZMP,,,,,,ZMP,,,zmp job augsburg,Phrase,,,,,,,,,,,,,,,,,,,,,,
Pavodens | ZMP,,,,,,ZMP,,,zmp stelle augsburg,Phrase,,,,,,,,,,,,,,,,,,,,,,
Pavodens | ZMP,,,,,,ZMP,,,zmp job bobingen,Phrase,,,,,,,,,,,,,,,,,,,,,,
Pavodens | ZMP,,,,,,ZMP,,,zmp stellenangebote augsburg,Phrase,,,,,,,,,,,,,,,,,,,,,,
Pavodens | ZMP,,,,,,ZMP,,,prophylaxeassistentin job,Phrase,,,,,,,,,,,,,,,,,,,,,,
Pavodens | ZMP,,,,,,ZMP,,,prophylaxeassistentin stellenangebote,Phrase,,,,,,,,,,,,,,,,,,,,,,
Pavodens | ZMP,,,,,,ZMP,,,zmp gesucht,Phrase,,,,,,,,,,,,,,,,,,,,,,
Pavodens | ZMP,,,,,,ZMP,,,zmp zahnarztpraxis job,Phrase,,,,,,,,,,,,,,,,,,,,,,
Pavodens | ZMP,,,,,,ZMP,,,zahnmedizinische prophylaxeassistentin stelle,Phrase,,,,,,,,,,,,,,,,,,,,,,
Pavodens | ZMP,,,,,,ZMP,,,zmp prophylaxe stelle,Phrase,,,,,,,,,,,,,,,,,,,,,,
Pavodens | ZMP,,,,,,ZMP,,,zmf job,Phrase,,,,,,,,,,,,,,,,,,,,,,
Pavodens | ZMP,,,,,,ZMP,,,zahnmedizinische prophylaxeassistentin gesucht,Phrase,,,,,,,,,,,,,,,,,,,,,,
Pavodens | ZMP,,,,,,ZMP,,,zmp stelle region augsburg,Broad,,,,,,,,,,,,,,,,,,,,,,
Pavodens | ZMP,,,,,,ZMP,,,prophylaxe job zahnarztpraxis,Broad,,,,,,,,,,,,,,,,,,,,,,
Pavodens | ZMP,,,,,,ZMP,,,,,https://pavodens.onepage.me/bewerbung?utm_source=google&utm_medium=cpc&utm_campaign=zmp&utm_content=zmp,ZMP (m/w/d) gesucht,ZMP-Job in Bobingen,ZMP – Raum Augsburg,Jetzt als ZMP bewerben,Pünktlich Feierabend,Keine Überstunden – echt,30 Tage Urlaub,Kurzer Mi & Fr,Faires Top-Gehalt,Bezahlte Fortbildung,Frisch aus der Ausbildung?,Moderne digitale Praxis,"Ein Team, das zusammenhält",Jetzt bewerben,In 2 Min. bewerben,"Feierabend ist Feierabend: keine Überstunden, kurzer Mi & Fr. 30 Tage Urlaub.","Top-Gehalt, Deutschlandticket o. Tankgutschein, bezahlte Fortbildung. Fair & ehrlich.","Moderne digitale Praxis, ruhiger Chef, echte Wertschätzung. Einsteiger willkommen.","In 2 Min. bewerben. Telefonat in 2 Werktagen. 100% vertraulich. PAVODENS, Bobingen.",ZMP-Job,Bobingen
Pavodens | ZMP,,,,,,Prophylaxe & Dentalhygiene,Enabled,1.50,,,,,,,,,,,,,,,,,,,,,,,,
Pavodens | ZMP,,,,,,Prophylaxe & Dentalhygiene,,,dentalhygiene job,Exact,,,,,,,,,,,,,,,,,,,,,,
Pavodens | ZMP,,,,,,Prophylaxe & Dentalhygiene,,,prophylaxe stelle,Exact,,,,,,,,,,,,,,,,,,,,,,
Pavodens | ZMP,,,,,,Prophylaxe & Dentalhygiene,,,dh stelle,Exact,,,,,,,,,,,,,,,,,,,,,,
Pavodens | ZMP,,,,,,Prophylaxe & Dentalhygiene,,,zmp stelle,Exact,,,,,,,,,,,,,,,,,,,,,,
Pavodens | ZMP,,,,,,Prophylaxe & Dentalhygiene,,,prophylaxeassistentin stelle,Exact,,,,,,,,,,,,,,,,,,,,,,
Pavodens | ZMP,,,,,,Prophylaxe & Dentalhygiene,,,dentalhygienikerin job,Phrase,,,,,,,,,,,,,,,,,,,,,,
Pavodens | ZMP,,,,,,Prophylaxe & Dentalhygiene,,,dentalhygiene stelle augsburg,Phrase,,,,,,,,,,,,,,,,,,,,,,
Pavodens | ZMP,,,,,,Prophylaxe & Dentalhygiene,,,prophylaxe job augsburg,Phrase,,,,,,,,,,,,,,,,,,,,,,
Pavodens | ZMP,,,,,,Prophylaxe & Dentalhygiene,,,zmp job augsburg,Phrase,,,,,,,,,,,,,,,,,,,,,,
Pavodens | ZMP,,,,,,Prophylaxe & Dentalhygiene,,,prophylaxehelferin stelle,Phrase,,,,,,,,,,,,,,,,,,,,,,
Pavodens | ZMP,,,,,,Prophylaxe & Dentalhygiene,,,pzr fachkraft job,Phrase,,,,,,,,,,,,,,,,,,,,,,
Pavodens | ZMP,,,,,,Prophylaxe & Dentalhygiene,,,dentalhygienikerin stelle,Phrase,,,,,,,,,,,,,,,,,,,,,,
Pavodens | ZMP,,,,,,Prophylaxe & Dentalhygiene,,,prophylaxe fachkraft stelle,Phrase,,,,,,,,,,,,,,,,,,,,,,
Pavodens | ZMP,,,,,,Prophylaxe & Dentalhygiene,,,dh job zahnarztpraxis,Phrase,,,,,,,,,,,,,,,,,,,,,,
Pavodens | ZMP,,,,,,Prophylaxe & Dentalhygiene,,,prophylaxeassistentin job augsburg,Phrase,,,,,,,,,,,,,,,,,,,,,,
Pavodens | ZMP,,,,,,Prophylaxe & Dentalhygiene,,,zahnmedizinische prophylaxeassistentin job,Phrase,,,,,,,,,,,,,,,,,,,,,,
Pavodens | ZMP,,,,,,Prophylaxe & Dentalhygiene,,,prophylaxe stelle bobingen,Phrase,,,,,,,,,,,,,,,,,,,,,,
Pavodens | ZMP,,,,,,Prophylaxe & Dentalhygiene,,,dentalhygiene stellenangebote augsburg,Broad,,,,,,,,,,,,,,,,,,,,,,
Pavodens | ZMP,,,,,,Prophylaxe & Dentalhygiene,,,prophylaxe zahnarztpraxis job region augsburg,Broad,,,,,,,,,,,,,,,,,,,,,,
Pavodens | ZMP,,,,,,Prophylaxe & Dentalhygiene,,,,,https://pavodens.onepage.me/bewerbung?utm_source=google&utm_medium=cpc&utm_campaign=zmp&utm_content=prophylaxe-dentalhygiene,ZMP (m/w/d) gesucht,ZMP-Job in Bobingen,ZMP – Raum Augsburg,Prophylaxe-Job ZMP,Pünktlich Feierabend,Keine Überstunden. Echt.,Kurzer Mi & Fr,30 Tage Urlaub,Überdurchschn. Gehalt,Bezahlte Fortbildung,Moderne digitale Praxis,"Chef, der dir zuhört",Berufseinsteiger? Klar!,Jetzt bewerben,In 2 Min. bewerben,"30 Tage Urlaub, kurzer Mi & Fr, keine Überstunden. Feierabend ist Feierabend.","Überdurchschnittl. Gehalt, Deutschlandticket o. Tankgutschein, bezahlte Fortbildung.","Moderne digitale Praxis, ruhiger Chef, echtes Team. Berufseinsteiger willkommen!",In 2 Min. bewerben. Telefonat in 2 Werktagen. 100% vertraulich. Jetzt loslegen!,ZMP-Job,Bobingen
Pavodens | ZMP,,,,,,ZMP Standort Augsburg,Enabled,1.50,,,,,,,,,,,,,,,,,,,,,,,,
Pavodens | ZMP,,,,,,ZMP Standort Augsburg,,,zmp augsburg,Exact,,,,,,,,,,,,,,,,,,,,,,
Pavodens | ZMP,,,,,,ZMP Standort Augsburg,,,zmp stelle augsburg,Exact,,,,,,,,,,,,,,,,,,,,,,
Pavodens | ZMP,,,,,,ZMP Standort Augsburg,,,zmp job augsburg,Exact,,,,,,,,,,,,,,,,,,,,,,
Pavodens | ZMP,,,,,,ZMP Standort Augsburg,,,prophylaxeassistentin augsburg,Exact,,,,,,,,,,,,,,,,,,,,,,
Pavodens | ZMP,,,,,,ZMP Standort Augsburg,,,zmp bobingen,Exact,,,,,,,,,,,,,,,,,,,,,,
Pavodens | ZMP,,,,,,ZMP Standort Augsburg,,,zmp prophylaxe augsburg,Phrase,,,,,,,,,,,,,,,,,,,,,,
Pavodens | ZMP,,,,,,ZMP Standort Augsburg,,,zmp stellenangebot augsburg,Phrase,,,,,,,,,,,,,,,,,,,,,,
Pavodens | ZMP,,,,,,ZMP Standort Augsburg,,,zmp jobs region augsburg,Phrase,,,,,,,,,,,,,,,,,,,,,,
Pavodens | ZMP,,,,,,ZMP Standort Augsburg,,,prophylaxeassistentin job augsburg,Phrase,,,,,,,,,,,,,,,,,,,,,,
Pavodens | ZMP,,,,,,ZMP Standort Augsburg,,,prophylaxeassistentin stelle bobingen,Phrase,,,,,,,,,,,,,,,,,,,,,,
Pavodens | ZMP,,,,,,ZMP Standort Augsburg,,,zmf augsburg,Phrase,,,,,,,,,,,,,,,,,,,,,,
Pavodens | ZMP,,,,,,ZMP Standort Augsburg,,,zahnmedizinische prophylaxeassistentin augsburg,Phrase,,,,,,,,,,,,,,,,,,,,,,
Pavodens | ZMP,,,,,,ZMP Standort Augsburg,,,dentalhygienikerin augsburg,Phrase,,,,,,,,,,,,,,,,,,,,,,
Pavodens | ZMP,,,,,,ZMP Standort Augsburg,,,zmp königsbrunn,Phrase,,,,,,,,,,,,,,,,,,,,,,
Pavodens | ZMP,,,,,,ZMP Standort Augsburg,,,zmp schwabmünchen,Phrase,,,,,,,,,,,,,,,,,,,,,,
Pavodens | ZMP,,,,,,ZMP Standort Augsburg,,,zmp gersthofen,Phrase,,,,,,,,,,,,,,,,,,,,,,
Pavodens | ZMP,,,,,,ZMP Standort Augsburg,,,prophylaxe job zahnarztpraxis augsburg,Phrase,,,,,,,,,,,,,,,,,,,,,,
Pavodens | ZMP,,,,,,ZMP Standort Augsburg,,,zmp stellen,Broad,,,,,,,,,,,,,,,,,,,,,,
Pavodens | ZMP,,,,,,ZMP Standort Augsburg,,,prophylaxeassistentin job,Broad,,,,,,,,,,,,,,,,,,,,,,
Pavodens | ZMP,,,,,,ZMP Standort Augsburg,,,,,https://pavodens.onepage.me/bewerbung?utm_source=google&utm_medium=cpc&utm_campaign=zmp&utm_content=zmp-standort-augsburg,ZMP (m/w/d) gesucht,ZMP-Job in Bobingen,ZMP – Raum Augsburg,Pünktlich Feierabend,Keine Überstunden,Kurzer Mi & Fr bei uns,30 Tage Urlaub,Gehalt über dem Schnitt,Deutschlandticket o. Gutschein,Bezahlte Fortbildung,"Moderne, digitale Praxis",Berufseinsteiger willkommen,Team mit Herz,Jetzt bewerben,In 2 Min. bewerben,"30 Tage Urlaub, faires Gehalt, kurzer Mi & Fr. Keine Überstunden – versprochen.","Voll digitale Praxis bei Augsburg. Ruhiger Chef, echtes Team, ehrliche Wertschätzung.",Frisch aus der Ausbildung? Perfekt. Wir bringen dir alles in Ruhe bei.,In 2 Min. bewerben. Telefonat in 2 Werktagen. 100% vertraulich – jetzt starten.,Karriere,ZMP-Job
Pavodens | Zahntechniker,Search,Paused,5.00,Google search;Search partners,Manual CPC,,,,,,,,,,,,,,,,,,,,,,,,,,,
Pavodens | Zahntechniker,,,,,,,,,ausbildung,Campaign negative,,,,,,,,,,,,,,,,,,,,,,
Pavodens | Zahntechniker,,,,,,,,,praktikum,Campaign negative,,,,,,,,,,,,,,,,,,,,,,
Pavodens | Zahntechniker,,,,,,,,,schüler,Campaign negative,,,,,,,,,,,,,,,,,,,,,,
Pavodens | Zahntechniker,,,,,,,,,umschulung,Campaign negative,,,,,,,,,,,,,,,,,,,,,,
Pavodens | Zahntechniker,,,,,,,,,wikipedia,Campaign negative,,,,,,,,,,,,,,,,,,,,,,
Pavodens | Zahntechniker,,,,,,,,,gehalt,Campaign negative,,,,,,,,,,,,,,,,,,,,,,
Pavodens | Zahntechniker,,,,,,,,,studium,Campaign negative,,,,,,,,,,,,,,,,,,,,,,
Pavodens | Zahntechniker,,,,,,,,,weiterbildung,Campaign negative,,,,,,,,,,,,,,,,,,,,,,
Pavodens | Zahntechniker,,,,,,,,,labor kaufen,Campaign negative,,,,,,,,,,,,,,,,,,,,,,
Pavodens | Zahntechniker,,,,,,,,,definition,Campaign negative,,,,,,,,,,,,,,,,,,,,,,
Pavodens | Zahntechniker,,,,,,Zahntechniker,Enabled,1.20,,,,,,,,,,,,,,,,,,,,,,,,
Pavodens | Zahntechniker,,,,,,Zahntechniker,,,zahntechniker stelle,Exact,,,,,,,,,,,,,,,,,,,,,,
Pavodens | Zahntechniker,,,,,,Zahntechniker,,,zahntechniker job,Exact,,,,,,,,,,,,,,,,,,,,,,
Pavodens | Zahntechniker,,,,,,Zahntechniker,,,zahntechniker stellenangebote,Exact,,,,,,,,,,,,,,,,,,,,,,
Pavodens | Zahntechniker,,,,,,Zahntechniker,,,zahntechniker job augsburg,Exact,,,,,,,,,,,,,,,,,,,,,,
Pavodens | Zahntechniker,,,,,,Zahntechniker,,,zahntechniker stelle augsburg,Exact,,,,,,,,,,,,,,,,,,,,,,
Pavodens | Zahntechniker,,,,,,Zahntechniker,,,zahntechniker jobs augsburg,Phrase,,,,,,,,,,,,,,,,,,,,,,
Pavodens | Zahntechniker,,,,,,Zahntechniker,,,zahntechniker bobingen,Phrase,,,,,,,,,,,,,,,,,,,,,,
Pavodens | Zahntechniker,,,,,,Zahntechniker,,,zahntechniker stelle bobingen,Phrase,,,,,,,,,,,,,,,,,,,,,,
Pavodens | Zahntechniker,,,,,,Zahntechniker,,,zahntechnikerin stelle,Phrase,,,,,,,,,,,,,,,,,,,,,,
Pavodens | Zahntechniker,,,,,,Zahntechniker,,,zahntechnikerin job,Phrase,,,,,,,,,,,,,,,,,,,,,,
Pavodens | Zahntechniker,,,,,,Zahntechniker,,,zahntechniker arbeit augsburg,Phrase,,,,,,,,,,,,,,,,,,,,,,
Pavodens | Zahntechniker,,,,,,Zahntechniker,,,stellenangebote zahntechniker augsburg,Phrase,,,,,,,,,,,,,,,,,,,,,,
Pavodens | Zahntechniker,,,,,,Zahntechniker,,,zahntechniker job region augsburg,Phrase,,,,,,,,,,,,,,,,,,,,,,
Pavodens | Zahntechniker,,,,,,Zahntechniker,,,zahntechniker jobs königsbrunn,Phrase,,,,,,,,,,,,,,,,,,,,,,
Pavodens | Zahntechniker,,,,,,Zahntechniker,,,zahntechniker stelle schwabmünchen,Phrase,,,,,,,,,,,,,,,,,,,,,,
Pavodens | Zahntechniker,,,,,,Zahntechniker,,,zahntechniker zahnarztpraxis job,Phrase,,,,,,,,,,,,,,,,,,,,,,
Pavodens | Zahntechniker,,,,,,Zahntechniker,,,zahntechniker gesucht,Phrase,,,,,,,,,,,,,,,,,,,,,,
Pavodens | Zahntechniker,,,,,,Zahntechniker,,,job zahntechniker,Broad,,,,,,,,,,,,,,,,,,,,,,
Pavodens | Zahntechniker,,,,,,Zahntechniker,,,stelle zahntechnikerin augsburg,Broad,,,,,,,,,,,,,,,,,,,,,,
Pavodens | Zahntechniker,,,,,,Zahntechniker,,,,,https://pavodens.onepage.me/bewerbung?utm_source=google&utm_medium=cpc&utm_campaign=zahntechniker&utm_content=zahntechniker,Zahntechniker (m/w/d),Zahntechniker gesucht,Zahntechniker bei Augsburg,Job bei PAVODENS Bobingen,Karriere in Raum Augsburg,Pünktlich Feierabend.,Keine Überstunden bei uns,30 Tage Urlaub für dich,Überdurchschnittl. Gehalt,Bezahlte Fortbildungen,Ticket o. Tankgutschein,Moderne digitale Praxis,"Chef, der dir zuhört",Jetzt bei PAVODENS bewerben,In 2 Min. bewerben,"Feierabend ist Feierabend: kurzer Mi & Fr, keine Überstunden, 30 Tage Urlaub.","Faires Gehalt, bezahlte Fortbildung, Ticket oder Tankgutschein. Ehrlich versprochen.","Moderne, voll digitale Praxis in Bobingen. Ruhiger Chef, echte Wertschätzung.","In 2 Min. bewerben, Telefonat in 2 Werktagen. 100% vertraulich. Wir freuen uns!",Karriere,Zahntechniker
